﻿<?xml version="1.0" encoding="utf-8"?>
<deployment>
  <id>1a64a7eb-00d4-47d7-b712-210ed4a62f1e</id>
  <author>N/A</author>
  <deployer>OneDeploy</deployer>
  <authorEmail>N/A</authorEmail>
  <message>OneDeploy</message>
  <progress></progress>
  <status>Success</status>
  <statusText></statusText>
  <lastSuccessEndTime>2025-10-06T22:38:29.8588652Z</lastSuccessEndTime>
  <receivedTime>2025-10-06T22:37:25.2606214Z</receivedTime>
  <startTime>2025-10-06T22:37:27.4697604Z</startTime>
  <endTime>2025-10-06T22:38:29.8588652Z</endTime>
  <complete>True</complete>
  <is_temp>False</is_temp>
  <is_readonly>True</is_readonly>
  <buildSummary />
</deployment>