﻿<?xml version="1.0" encoding="utf-8"?>
<deployment>
  <id>bb25358a-bcc1-42cc-a052-0ef15d0d9699</id>
  <author>N/A</author>
  <deployer>OneDeploy</deployer>
  <authorEmail>N/A</authorEmail>
  <message>OneDeploy</message>
  <progress></progress>
  <status>Success</status>
  <statusText></statusText>
  <lastSuccessEndTime>2025-10-15T17:35:41.517896Z</lastSuccessEndTime>
  <receivedTime>2025-10-15T17:35:28.3306075Z</receivedTime>
  <startTime>2025-10-15T17:35:29.9974474Z</startTime>
  <endTime>2025-10-15T17:35:41.517896Z</endTime>
  <complete>True</complete>
  <is_temp>False</is_temp>
  <is_readonly>True</is_readonly>
  <buildSummary />
</deployment>