<step title="BackgroundTrace" date="2025-10-15T17:56:48.612" instance="978cd1" url="/api/zipdeploy" method="POST" >
  <step title="Cleanup Xml Logs" date="2025-10-15T17:56:48.619" /><!-- duration: 7ms -->
  <step title="Creating temporary deployment - FetchDeploymentManager" date="2025-10-15T17:56:48.703" /><!-- duration: 3ms -->
  <step title="Creating temporary deployment" date="2025-10-15T17:56:48.711" /><!-- duration: 102ms -->
  <step title="Performing fetch based deployment" date="2025-10-15T17:56:48.910" >
    <step title="Cleaning up temp folders from previous zip deployments and extracting pushed zip file /tmp/zipdeploy/50bf3779-4279-46db-883d-05284647e311.zip (26.45 MB) to /tmp/zipdeploy/extracted" date="2025-10-15T17:56:50.123" >
      <step title="ChmodRecursive Process exited with total time taken in ms: 451" date="2025-10-15T17:57:16.163" /><!-- duration: 12ms -->
    </step><!-- duration: 26078ms -->
    <step title="Deployment timer started" date="2025-10-15T17:57:18.270" >
      <step title="DeploymentManager.Deploy(id:af4ed548-2466-4f8f-8d71-1526b799d978)" date="2025-10-15T17:57:18.337" >
        <step title="Collecting changeset information" date="2025-10-15T17:57:18.405" /><!-- duration: 874ms -->
        <step title="Updating submodules" date="2025-10-15T17:57:19.305" /><!-- duration: 1323ms -->
        <step title="Determining deployment builder" date="2025-10-15T17:57:21.202" >
          <step title="Builder is BasicBuilder" date="2025-10-15T17:57:21.251" /><!-- duration: 10ms -->
        </step><!-- duration: 69ms -->
        <step title="PreDeployment: context.CleanOutputPath False" date="2025-10-15T17:57:21.385" >
          <step title="PreDeployment: context.OutputPath /home/site/wwwroot" date="2025-10-15T17:57:21.635" >
            <step title="Building" date="2025-10-15T17:57:21.952" >
              <step title="Executing external process" date="2025-10-15T17:57:23.249" type="process" path="starter.sh" arguments="/opt/Kudu/Scripts/absoluteTar.sh /tmp/zipdeploy/extracted/node_modules /tmp/zipdeploy/extracted/node_modules.tar.gz" /><!-- duration: 26823ms -->
              <step title="Executing external process" date="2025-10-15T17:57:50.372" type="process" path="starter.sh" arguments="/opt/Kudu/Scripts/parallel_rsync.sh /tmp/zipdeploy/extracted /home/site/wwwroot 8 /tmp/ False True node_modules " /><!-- duration: 5538ms -->
              <step title="Triggering recycle (preview mode disabled)." date="2025-10-15T17:57:56.661" /><!-- duration: 4ms -->
              <step title="Modified file to trigger a restart of the app container." date="2025-10-15T17:57:56.697" /><!-- duration: 8ms -->
              <step title="Skip function trigger and logicapp sync because function is not enabled." date="2025-10-15T17:57:56.722" /><!-- duration: 10ms -->
            </step><!-- duration: 35770ms -->
          </step><!-- duration: 36091ms -->
          <step title="Cleaning up temp files" date="2025-10-15T17:57:57.730" /><!-- duration: 6ms -->
          <step title="Cleaning up temp files" date="2025-10-15T17:57:57.745" /><!-- duration: 515ms -->
          <step title="Reloading status file with latest updates" date="2025-10-15T17:57:58.596" >
            <step title="WebHooksManager.PublishEventAsync: PostDeployment" date="2025-10-15T17:57:58.609" /><!-- duration: 88ms -->
          </step><!-- duration: 104ms -->
          <step title="Cleaning up temporary deployment - fetch deployment was successful" date="2025-10-15T17:57:58.706" /><!-- duration: 4ms -->
        </step><!-- duration: 37396ms -->
      </step><!-- duration: 40473ms -->
