<step title="Incoming Request" date="2025-10-15T17:35:21.523" instance="978cd1" url="/api/publish?type=zip" method="POST" type="request" pid="770,1,5" Accept="*/*" Host="homework-helper-staging.scm.azurewebsites.net" User-Agent="AZURECLI/2.67.0 (HOMEBREW)" Accept-Encoding="gzip, deflate" Authorization="Bas..." Cache-Control="no-cache" Content-Type="application/octet-stream" Content-Length="6069862" x-ms-client-request-id="c0c89a1c-a9ec-11f0-8338-9ebfc73c1928" x-ms-artifact-checksum="f2e267d93a21a8d45cb1098ff1507d6ea8024af975af930fd5dbb3c935d1b794" X-ARR-LOG-ID="c0c89a1c-a9ec-11f0-8338-9ebfc73c1928" CLIENT-IP="184.101.15.41:49532" X-SITE-DEPLOYMENT-ID="homework-helper-staging" WAS-DEFAULT-HOSTNAME="homework-helper-staging.scm.azurewebsites.net" X-Forwarded-Proto="https" X-AppService-Proto="https" X-Forwarded-TlsVersion="1.3" X-WAWS-Unencoded-URL="/api/publish?type=zip" X-Client-IP="184.101.15.41" X-Client-Port="49532" >
  <step title="OneDeploy" date="2025-10-15T17:35:22.450" >
    <step title="None repository commit" date="2025-10-15T17:35:22.463" >
      <step title="Commit id: bb25358a-bcc1-42cc-a052-0ef15d0d9699" date="2025-10-15T17:35:22.467" Message="N/A" AuthorName="N/A" AuthorEmail="N/A" /><!-- duration: 3ms -->
    </step><!-- duration: 10ms -->
    <step title="Starting PushDeployAsync" date="2025-10-15T17:35:22.477" /><!-- duration: 3ms -->
    <step title="Writing artifact to /tmp/zipdeploy/98f08a9e-848a-4c46-9e25-72bc453ff9f5.zip" date="2025-10-15T17:35:22.507" >
      <step title="Writing multipart request body to /tmp/zipdeploy/98f08a9e-848a-4c46-9e25-72bc453ff9f5.zip" date="2025-10-15T17:35:22.514" /><!-- duration: 16ms -->
    </step><!-- duration: 745ms -->
    <step title="Attempting to fetch target branch HEAD" date="2025-10-15T17:35:23.298" /><!-- duration: 9ms -->
    <step title="Acquiring Deployment Lock" date="2025-10-15T17:35:23.342" /><!-- duration: 5ms -->
    <step title="Acquired Deployment Lock" date="2025-10-15T17:35:23.443" /><!-- duration: 38ms -->
    <step title="Performing fetch based deployment" date="2025-10-15T17:35:23.536" >
      <step title="Creating temporary deployment" date="2025-10-15T17:35:23.564" /><!-- duration: 245ms -->
      <step title="Releasing Deployment Lock" date="2025-10-15T17:35:25.283" /><!-- duration: 17ms -->
      <step title="Cleaning up temp folders from previous zip deployments and extracting pushed zip file /tmp/zipdeploy/98f08a9e-848a-4c46-9e25-72bc453ff9f5.zip (5.79 MB) to /tmp/zipdeploy/extracted" date="2025-10-15T17:35:25.420" >
        <step title="ChmodRecursive Process exited with total time taken in ms: 190" date="2025-10-15T17:35:26.015" /><!-- duration: 36ms -->
      </step><!-- duration: 650ms -->
      <step title="None repository commit" date="2025-10-15T17:35:26.089" >
        <step title="Commit id: bb25358a-bcc1-42cc-a052-0ef15d0d9699" date="2025-10-15T17:35:26.112" Message="OneDeploy" AuthorName="N/A" AuthorEmail="N/A" /><!-- duration: 17ms -->
      </step><!-- duration: 63ms -->
      <step title="Deployment timer started" date="2025-10-15T17:35:28.207" >
        <step title="DeploymentManager.Deploy(id:bb25358a-bcc1-42cc-a052-0ef15d0d9699)" date="2025-10-15T17:35:28.216" >
          <step title="Collecting changeset information" date="2025-10-15T17:35:28.274" /><!-- duration: 145ms -->
          <step title="Updating submodules" date="2025-10-15T17:35:28.427" /><!-- duration: 1239ms -->
          <step title="Determining deployment builder" date="2025-10-15T17:35:30.158" >
            <step title="Builder is OneDeployBuilder" date="2025-10-15T17:35:30.262" /><!-- duration: 21ms -->
          </step><!-- duration: 135ms -->
          <step title="PreDeployment: context.CleanOutputPath False" date="2025-10-15T17:35:30.439" >
            <step title="PreDeployment: context.OutputPath /home/site/wwwroot" date="2025-10-15T17:35:30.937" >
              <step title="Building" date="2025-10-15T17:35:31.211" >
                <step title="Executing external process" date="2025-10-15T17:35:31.845" type="process" path="starter.sh" arguments="/opt/Kudu/Scripts/parallel_rsync.sh /tmp/zipdeploy/extracted /home/site/wwwroot 8 /tmp/ False False  " /><!-- duration: 8653ms -->
                <step title="Modified file to trigger a restart of the app container." date="2025-10-15T17:35:41.083" /><!-- duration: 6ms -->
                <step title="Skip function trigger and logicapp sync because function is not enabled." date="2025-10-15T17:35:41.104" /><!-- duration: 9ms -->
              </step><!-- duration: 10656ms -->
            </step><!-- duration: 10937ms -->
            <step title="Cleaning up temp files" date="2025-10-15T17:35:41.877" /><!-- duration: 5ms -->
            <step title="Cleaning up temp files" date="2025-10-15T17:35:41.887" /><!-- duration: 510ms -->
            <step title="Reloading status file with latest updates" date="2025-10-15T17:35:42.437" >
              <step title="WebHooksManager.PublishEventAsync: PostDeployment" date="2025-10-15T17:35:42.454" /><!-- duration: 135ms -->
            </step><!-- duration: 159ms -->
            <step title="Cleaning up temporary deployment - fetch deployment was successful" date="2025-10-15T17:35:42.604" /><!-- duration: 31ms -->
          </step><!-- duration: 12302ms -->
        </step><!-- duration: 14532ms -->
        <step title="Outgoing response" date="2025-10-15T17:35:42.767" type="response" statusCode="200" statusText="OK" /><!-- duration: 4ms -->
      </step><!-- duration: 14566ms -->
