<step title="Incoming Request" date="2025-10-15T17:36:15.474" instance="978cd1" url="/api/publish?type=zip" method="POST" type="request" pid="770,1,15" Accept="*/*" Host="homework-helper-staging.scm.azurewebsites.net" User-Agent="AZURECLI/2.67.0 (HOMEBREW)" Accept-Encoding="gzip, deflate" Authorization="Bas..." Cache-Control="no-cache" Content-Type="application/octet-stream" Content-Length="6069862" x-ms-client-request-id="70cca368-a9ed-11f0-af1b-9ebfc73c1928" x-ms-artifact-checksum="f2e267d93a21a8d45cb1098ff1507d6ea8024af975af930fd5dbb3c935d1b794" X-ARR-LOG-ID="70cca368-a9ed-11f0-af1b-9ebfc73c1928" CLIENT-IP="184.101.15.41:49760" X-SITE-DEPLOYMENT-ID="homework-helper-staging" WAS-DEFAULT-HOSTNAME="homework-helper-staging.scm.azurewebsites.net" X-Forwarded-Proto="https" X-AppService-Proto="https" X-Forwarded-TlsVersion="1.3" X-WAWS-Unencoded-URL="/api/publish?type=zip" X-Client-IP="184.101.15.41" X-Client-Port="49760" >
  <step title="Cleanup Xml Logs" date="2025-10-15T17:36:15.503" /><!-- duration: 38ms -->
  <step title="OneDeploy" date="2025-10-15T17:36:15.571" >
    <step title="Starting PushDeployAsync" date="2025-10-15T17:36:15.607" /><!-- duration: 4ms -->
    <step title="Writing artifact to /tmp/zipdeploy/0a8b6288-1a5a-418c-824f-2d52309ab386.zip" date="2025-10-15T17:36:15.639" >
      <step title="Writing multipart request body to /tmp/zipdeploy/0a8b6288-1a5a-418c-824f-2d52309ab386.zip" date="2025-10-15T17:36:15.684" /><!-- duration: 48ms -->
    </step><!-- duration: 5414ms -->
    <step title="Attempting to fetch target branch HEAD" date="2025-10-15T17:36:21.070" /><!-- duration: 3ms -->
    <step title="Acquiring Deployment Lock" date="2025-10-15T17:36:21.084" /><!-- duration: 8ms -->
    <step title="Acquired Deployment Lock" date="2025-10-15T17:36:21.117" /><!-- duration: 4ms -->
    <step title="Performing fetch based deployment" date="2025-10-15T17:36:21.128" >
      <step title="Creating temporary deployment" date="2025-10-15T17:36:21.132" /><!-- duration: 100ms -->
      <step title="Releasing Deployment Lock" date="2025-10-15T17:36:22.530" /><!-- duration: 12ms -->
      <step title="Cleaning up temp folders from previous zip deployments and extracting pushed zip file /tmp/zipdeploy/0a8b6288-1a5a-418c-824f-2d52309ab386.zip (5.79 MB) to /tmp/zipdeploy/extracted" date="2025-10-15T17:36:22.620" >
        <step title="ChmodRecursive Process exited with total time taken in ms: 65" date="2025-10-15T17:36:22.859" /><!-- duration: 18ms -->
      </step><!-- duration: 271ms -->
      <step title="None repository commit" date="2025-10-15T17:36:22.908" >
        <step title="Commit id: 24f599f6-d2b0-4eab-86b4-98c2d876743a" date="2025-10-15T17:36:22.917" Message="OneDeploy" AuthorName="N/A" AuthorEmail="N/A" /><!-- duration: 8ms -->
      </step><!-- duration: 27ms -->
      <step title="Deployment timer started" date="2025-10-15T17:36:24.951" >
        <step title="DeploymentManager.Deploy(id:24f599f6-d2b0-4eab-86b4-98c2d876743a)" date="2025-10-15T17:36:25.010" >
          <step title="Collecting changeset information" date="2025-10-15T17:36:25.211" /><!-- duration: 156ms -->
          <step title="Updating submodules" date="2025-10-15T17:36:25.388" /><!-- duration: 1227ms -->
          <step title="Determining deployment builder" date="2025-10-15T17:36:26.873" >
            <step title="Builder is OneDeployBuilder" date="2025-10-15T17:36:26.888" /><!-- duration: 3ms -->
          </step><!-- duration: 22ms -->
          <step title="PreDeployment: context.CleanOutputPath False" date="2025-10-15T17:36:26.950" >
            <step title="PreDeployment: context.OutputPath /home/site/wwwroot" date="2025-10-15T17:36:27.100" >
              <step title="Building" date="2025-10-15T17:36:27.275" >
                <step title="Executing external process" date="2025-10-15T17:36:28.072" type="process" path="starter.sh" arguments="/opt/Kudu/Scripts/parallel_rsync.sh /tmp/zipdeploy/extracted /home/site/wwwroot 8 /tmp/ False False  " /><!-- duration: 4962ms -->
                <step title="Modified file to trigger a restart of the app container." date="2025-10-15T17:36:33.463" /><!-- duration: 4ms -->
                <step title="Skip function trigger and logicapp sync because function is not enabled." date="2025-10-15T17:36:33.470" /><!-- duration: 3ms -->
              </step><!-- duration: 6956ms -->
            </step><!-- duration: 7138ms -->
            <step title="Cleaning up temp files" date="2025-10-15T17:36:34.241" /><!-- duration: 4ms -->
            <step title="Cleaning up temp files" date="2025-10-15T17:36:34.250" /><!-- duration: 508ms -->
            <step title="Reloading status file with latest updates" date="2025-10-15T17:36:34.844" >
              <step title="WebHooksManager.PublishEventAsync: PostDeployment" date="2025-10-15T17:36:34.860" /><!-- duration: 23ms -->
            </step><!-- duration: 42ms -->
            <step title="Cleaning up temporary deployment - fetch deployment was successful" date="2025-10-15T17:36:34.893" /><!-- duration: 3ms -->
          </step><!-- duration: 8032ms -->
        </step><!-- duration: 9975ms -->
        <step title="Outgoing response" date="2025-10-15T17:36:34.990" type="response" statusCode="200" statusText="OK" /><!-- duration: 3ms -->
      </step><!-- duration: 10045ms -->
