<step title="Incoming Request" date="2025-10-15T17:56:35.816" instance="978cd1" url="/api/zipdeploy?isAsync=true" method="POST" type="request" pid="770,1,28" Accept="*/*" Host="homework-helper-staging.scm.azurewebsites.net" User-Agent="AZURECLI/2.67.0 (HOMEBREW)" Accept-Encoding="gzip, deflate" Authorization="Bas..." Cache-Control="no-cache" Content-Type="application/octet-stream" Content-Length="27739415" x-ms-client-request-id="48aabff2-a9f0-11f0-80ef-9ebfc73c1928" x-ms-artifact-checksum="c2f57c6db657475ce02f904e174481e4bf7ada263eac0ccda5dc2ff80da2f17a" X-ARR-LOG-ID="48aabff2-a9f0-11f0-80ef-9ebfc73c1928" CLIENT-IP="184.101.15.41:51055" X-SITE-DEPLOYMENT-ID="homework-helper-staging" WAS-DEFAULT-HOSTNAME="homework-helper-staging.scm.azurewebsites.net" X-Forwarded-Proto="https" X-AppService-Proto="https" X-Forwarded-TlsVersion="1.3" X-WAWS-Unencoded-URL="/api/zipdeploy?isAsync=true" X-Client-IP="184.101.15.41" X-Client-Port="51055" >
  <step title="Cleanup Xml Logs" date="2025-10-15T17:56:35.826" /><!-- duration: 24ms -->
  <step title="ZipPushDeploy" date="2025-10-15T17:56:36.075" >
    <step title="ZipDeploy. Extract zip." date="2025-10-15T17:56:36.112" /><!-- duration: 18ms -->
    <step title="Starting PushDeployAsync" date="2025-10-15T17:56:36.169" /><!-- duration: 18ms -->
    <step title="Removing node_modules symlink" date="2025-10-15T17:56:36.251" >
      <step title="Writing artifact to /tmp/zipdeploy/50bf3779-4279-46db-883d-05284647e311.zip" date="2025-10-15T17:56:36.427" >
        <step title="Writing multipart request body to /tmp/zipdeploy/50bf3779-4279-46db-883d-05284647e311.zip" date="2025-10-15T17:56:36.443" /><!-- duration: 12ms -->
      </step><!-- duration: 12138ms -->
      <step title="Removing previous build artifact&apos;s manifest file" date="2025-10-15T17:56:48.576" >
        <step title="Start deployment in the background" date="2025-10-15T17:56:48.600" >
          <step title="Acquiring Deployment Lock" date="2025-10-15T17:56:48.641" /><!-- duration: 7ms -->
          <step title="Acquired Deployment Lock" date="2025-10-15T17:56:48.696" /><!-- duration: 3ms -->
        </step><!-- duration: 225ms -->
      </step><!-- duration: 302ms -->
      <step title="Outgoing response" date="2025-10-15T17:56:48.893" type="response" statusCode="202" statusText="Accepted" /><!-- duration: 4ms -->
    </step><!-- duration: 12650ms -->
