<step title="Incoming Request" date="2025-10-15T18:14:41.204" instance="978cd1" url="/api/publish?type=zip" method="POST" type="request" pid="776,1,5" Accept="*/*" Host="homework-helper-staging.scm.azurewebsites.net" User-Agent="AZURECLI/2.67.0 (HOMEBREW)" Accept-Encoding="gzip, deflate" Authorization="Bas..." Cache-Control="no-cache" Content-Type="application/octet-stream" Content-Length="240143" x-ms-client-request-id="cf7def66-a9f2-11f0-9403-9ebfc73c1928" x-ms-artifact-checksum="afefce7a319a4c27e7400b486dae8066fbe741b64b8857fb7978ec0772d685e7" X-ARR-LOG-ID="cf7def66-a9f2-11f0-9403-9ebfc73c1928" CLIENT-IP="184.101.15.41:51960" X-SITE-DEPLOYMENT-ID="homework-helper-staging" WAS-DEFAULT-HOSTNAME="homework-helper-staging.scm.azurewebsites.net" X-Forwarded-Proto="https" X-AppService-Proto="https" X-Forwarded-TlsVersion="1.3" X-WAWS-Unencoded-URL="/api/publish?type=zip" X-Client-IP="184.101.15.41" X-Client-Port="51960" >
  <step title="Cleanup Xml Logs" date="2025-10-15T18:14:41.208" /><!-- duration: 6ms -->
  <step title="OneDeploy" date="2025-10-15T18:14:41.392" >
    <step title="None repository commit" date="2025-10-15T18:14:41.407" >
      <step title="Commit id: 09539d3d-08cf-42da-9e68-35242a2cd4b1" date="2025-10-15T18:14:41.411" Message="N/A" AuthorName="N/A" AuthorEmail="N/A" /><!-- duration: 7ms -->
    </step><!-- duration: 14ms -->
    <step title="Starting PushDeployAsync" date="2025-10-15T18:14:41.425" /><!-- duration: 8ms -->
    <step title="Removing node_modules symlink" date="2025-10-15T18:14:41.464" >
      <step title="Removing _del_node_modules symlink" date="2025-10-15T18:14:41.598" >
        <step title="Writing artifact to /tmp/zipdeploy/03043ac7-43c9-4d6a-b666-51f9132b617c.zip" date="2025-10-15T18:14:41.700" >
          <step title="Writing multipart request body to /tmp/zipdeploy/03043ac7-43c9-4d6a-b666-51f9132b617c.zip" date="2025-10-15T18:14:41.710" /><!-- duration: 8ms -->
        </step><!-- duration: 213ms -->
        <step title="Attempting to fetch target branch HEAD" date="2025-10-15T18:14:41.976" /><!-- duration: 4ms -->
        <step title="Acquiring Deployment Lock" date="2025-10-15T18:14:41.985" /><!-- duration: 10ms -->
        <step title="Acquired Deployment Lock" date="2025-10-15T18:14:42.045" /><!-- duration: 3ms -->
        <step title="Performing fetch based deployment" date="2025-10-15T18:14:42.057" >
          <step title="Creating temporary deployment" date="2025-10-15T18:14:42.063" /><!-- duration: 128ms -->
          <step title="Releasing Deployment Lock" date="2025-10-15T18:14:43.505" /><!-- duration: 11ms -->
          <step title="Cleaning up temp folders from previous zip deployments and extracting pushed zip file /tmp/zipdeploy/03043ac7-43c9-4d6a-b666-51f9132b617c.zip (0.23 MB) to /tmp/zipdeploy/extracted" date="2025-10-15T18:14:43.579" >
            <step title="ChmodRecursive Process exited with total time taken in ms: 99" date="2025-10-15T18:14:43.806" /><!-- duration: 10ms -->
          </step><!-- duration: 243ms -->
          <step title="None repository commit" date="2025-10-15T18:14:43.833" >
            <step title="Commit id: 09539d3d-08cf-42da-9e68-35242a2cd4b1" date="2025-10-15T18:14:43.839" Message="OneDeploy" AuthorName="N/A" AuthorEmail="N/A" /><!-- duration: 3ms -->
          </step><!-- duration: 13ms -->
          <step title="Deployment timer started" date="2025-10-15T18:14:45.862" >
            <step title="DeploymentManager.Deploy(id:09539d3d-08cf-42da-9e68-35242a2cd4b1)" date="2025-10-15T18:14:45.880" >
              <step title="Collecting changeset information" date="2025-10-15T18:14:45.954" /><!-- duration: 172ms -->
              <step title="Updating submodules" date="2025-10-15T18:14:46.133" /><!-- duration: 1359ms -->
              <step title="Determining deployment builder" date="2025-10-15T18:14:48.102" >
                <step title="Builder is OneDeployBuilder" date="2025-10-15T18:14:48.178" /><!-- duration: 26ms -->
              </step><!-- duration: 186ms -->
              <step title="PreDeployment: context.CleanOutputPath False" date="2025-10-15T18:14:48.411" >
                <step title="PreDeployment: context.OutputPath /home/site/wwwroot" date="2025-10-15T18:14:48.682" >
                  <step title="Building" date="2025-10-15T18:14:49.024" >
                    <step title="Executing external process" date="2025-10-15T18:14:50.218" type="process" path="starter.sh" arguments="/opt/Kudu/Scripts/parallel_rsync.sh /tmp/zipdeploy/extracted /home/site/wwwroot 8 /tmp/ False False  " /><!-- duration: 16411ms -->
                    <step title="Modified file to trigger a restart of the app container." date="2025-10-15T18:15:07.847" /><!-- duration: 19ms -->
                    <step title="Skip function trigger and logicapp sync because function is not enabled." date="2025-10-15T18:15:07.895" /><!-- duration: 26ms -->
                  </step><!-- duration: 20798ms -->
                </step><!-- duration: 21165ms -->
                <step title="Cleaning up temp files" date="2025-10-15T18:15:09.857" /><!-- duration: 29ms -->
                <step title="Cleaning up temp files" date="2025-10-15T18:15:09.942" /><!-- duration: 521ms -->
                <step title="Reloading status file with latest updates" date="2025-10-15T18:15:10.518" >
                  <step title="WebHooksManager.PublishEventAsync: PostDeployment" date="2025-10-15T18:15:10.573" /><!-- duration: 205ms -->
                </step><!-- duration: 264ms -->
                <step title="Cleaning up temporary deployment - fetch deployment was successful" date="2025-10-15T18:15:10.808" /><!-- duration: 16ms -->
              </step><!-- duration: 22523ms -->
            </step><!-- duration: 25074ms -->
            <step title="Outgoing response" date="2025-10-15T18:15:11.000" type="response" statusCode="200" statusText="OK" /><!-- duration: 10ms -->
          </step><!-- duration: 25157ms -->
