<step title="Incoming Request" date="2025-10-06T23:29:49.669" instance="4674be" url="/api/zipdeploy?isAsync=true" method="POST" type="request" pid="827,1,48" Accept="*/*" Host="homework-helper-api.scm.azurewebsites.net" User-Agent="AZURECLI/2.67.0 (HOMEBREW)" Accept-Encoding="gzip, deflate" Authorization="Bas..." Cache-Control="no-cache" Content-Type="application/octet-stream" Content-Length="99310" x-ms-client-request-id="57b582b0-a30c-11f0-8ba4-9ebfc73c1928" x-ms-artifact-checksum="f362b4f94f9f7a9ad78a3ac75bac0038782efc6b895bd6b22b03d1ff805eacbf" X-ARR-LOG-ID="57b582b0-a30c-11f0-8ba4-9ebfc73c1928" CLIENT-IP="174.26.129.107:52029" X-SITE-DEPLOYMENT-ID="homework-helper-api" WAS-DEFAULT-HOSTNAME="homework-helper-api.scm.azurewebsites.net" X-Forwarded-Proto="https" X-AppService-Proto="https" X-Forwarded-TlsVersion="1.3" X-WAWS-Unencoded-URL="/api/zipdeploy?isAsync=true" X-Client-IP="174.26.129.107" X-Client-Port="52029" >
  <step title="Cleanup Xml Logs" date="2025-10-06T23:29:49.713" /><!-- duration: 17ms -->
  <step title="ZipPushDeploy" date="2025-10-06T23:29:49.937" >
    <step title="ZipDeploy. Extract zip. Remote build." date="2025-10-06T23:29:49.972" /><!-- duration: 3ms -->
    <step title="Starting PushDeployAsync" date="2025-10-06T23:29:50.006" /><!-- duration: 8ms -->
    <step title="Writing artifact to /tmp/zipdeploy/27034a9e-7771-44c2-ada2-4e3b707c9c3c.zip" date="2025-10-06T23:29:50.044" >
      <step title="Writing multipart request body to /tmp/zipdeploy/27034a9e-7771-44c2-ada2-4e3b707c9c3c.zip" date="2025-10-06T23:29:50.051" /><!-- duration: 8ms -->
    </step><!-- duration: 193ms -->
    <step title="Removing previous build artifact&apos;s manifest file" date="2025-10-06T23:29:50.243" >
      <step title="Start deployment in the background" date="2025-10-06T23:29:50.267" >
        <step title="Acquiring Deployment Lock" date="2025-10-06T23:29:50.377" /><!-- duration: 25ms -->
        <step title="Acquired Deployment Lock" date="2025-10-06T23:29:50.463" /><!-- duration: 4ms -->
      </step><!-- duration: 346ms -->
    </step><!-- duration: 420ms -->
    <step title="Outgoing response" date="2025-10-06T23:29:50.691" type="response" statusCode="202" statusText="Accepted" /><!-- duration: 8ms -->
  </step><!-- duration: 765ms -->
