<step title="BackgroundTrace" date="2025-10-07T16:16:41.118" instance="4674be" url="/api/zipdeploy" method="POST" >
  <step title="Creating temporary deployment - FetchDeploymentManager" date="2025-10-07T16:16:41.224" /><!-- duration: 2ms -->
  <step title="Creating temporary deployment" date="2025-10-07T16:16:41.237" /><!-- duration: 128ms -->
  <step title="Performing fetch based deployment" date="2025-10-07T16:16:41.444" >
    <step title="Cleaning up temp folders from previous zip deployments and extracting pushed zip file /tmp/zipdeploy/6758ec02-28fe-4b3f-b946-24f2b9a1fc6f.zip (0.85 MB) to /tmp/zipdeploy/extracted" date="2025-10-07T16:16:42.765" >
      <step title="ChmodRecursive Process exited with total time taken in ms: 64" date="2025-10-07T16:16:42.979" /><!-- duration: 6ms -->
    </step><!-- duration: 227ms -->
    <step title="Deployment timer started" date="2025-10-07T16:16:45.051" >
      <step title="DeploymentManager.Deploy(id:54bf007c-bc90-45a1-a455-abb6264a0b87)" date="2025-10-07T16:16:45.062" >
        <step title="Collecting changeset information" date="2025-10-07T16:16:45.130" /><!-- duration: 143ms -->
        <step title="Updating submodules" date="2025-10-07T16:16:45.282" /><!-- duration: 1214ms -->
        <step title="Determining deployment builder" date="2025-10-07T16:16:48.729" >
          <step title="Builder is OryxBuilder" date="2025-10-07T16:16:48.749" /><!-- duration: 8ms -->
        </step><!-- duration: 32ms -->
        <step title="PreDeployment: context.CleanOutputPath False" date="2025-10-07T16:16:48.821" >
          <step title="PreDeployment: context.OutputPath /home/site/wwwroot" date="2025-10-07T16:16:49.837" >
            <step title="Building" date="2025-10-07T16:16:50.038" >
              <step title="Executing external process" date="2025-10-07T16:16:50.468" type="process" path="bash" arguments="-c &quot;oryx build /tmp/zipdeploy/extracted -o /home/site/wwwroot --platform nodejs --platform-version 20 -p virtualenv_name= --log-file /tmp/build-debug.log  -i /tmp/8de05bceafe82c3 -p compress_node_modules=tar-gz | tee /tmp/oryx-build.log ; exit $PIPESTATUS &quot;" /><!-- duration: 79435ms -->
              <step title="Using GenericDeploymentLogParser" date="2025-10-07T16:18:10.413" /><!-- duration: 11ms -->
              <step title="Triggering recycle (preview mode disabled)." date="2025-10-07T16:18:12.389" /><!-- duration: 9ms -->
              <step title="Modified file to trigger a restart of the app container." date="2025-10-07T16:18:12.432" /><!-- duration: 3ms -->
              <step title="Skip function trigger and logicapp sync because function is not enabled." date="2025-10-07T16:18:12.451" /><!-- duration: 9ms -->
              <step title="Purge deployment items" date="2025-10-07T16:18:13.857" >
                <step title="Remove fd91e6e4-, Success, received at 10/06/2025 19:34:19" date="2025-10-07T16:18:13.924" /><!-- duration: 3ms -->
              </step><!-- duration: 74ms -->
            </step><!-- duration: 84008ms -->
          </step><!-- duration: 84214ms -->
          <step title="Cleaning up temp files" date="2025-10-07T16:18:14.065" /><!-- duration: 3486ms -->
          <step title="Cleaning up temp files" date="2025-10-07T16:18:17.566" /><!-- duration: 527ms -->
          <step title="Reloading status file with latest updates" date="2025-10-07T16:18:18.240" >
            <step title="WebHooksManager.PublishEventAsync: PostDeployment" date="2025-10-07T16:18:18.264" /><!-- duration: 99ms -->
          </step><!-- duration: 126ms -->
          <step title="Cleaning up temporary deployment - fetch deployment was successful" date="2025-10-07T16:18:18.395" /><!-- duration: 7ms -->
        </step><!-- duration: 89689ms -->
      </step><!-- duration: 93502ms -->
