<step title="Incoming Request" date="2025-10-07T15:15:43.454" instance="4674be" url="/api/zipdeploy?isAsync=true" method="POST" type="request" pid="823,1,29" Accept="*/*" Host="homework-helper-api.scm.azurewebsites.net" User-Agent="AZURECLI/2.67.0 (HOMEBREW)" Accept-Encoding="gzip, deflate" Authorization="Bas..." Cache-Control="no-cache" Content-Type="application/octet-stream" Content-Length="110310" x-ms-client-request-id="7bc75f5a-a390-11f0-b3a1-9ebfc73c1928" x-ms-artifact-checksum="f81f23a2cdc7ce02b574c7017d5eefa26120c3cd38ca20dcc47991b7b79446b9" X-ARR-LOG-ID="7bc75f5a-a390-11f0-b3a1-9ebfc73c1928" CLIENT-IP="174.26.129.107:51017" X-SITE-DEPLOYMENT-ID="homework-helper-api" WAS-DEFAULT-HOSTNAME="homework-helper-api.scm.azurewebsites.net" X-Forwarded-Proto="https" X-AppService-Proto="https" X-Forwarded-TlsVersion="1.3" X-WAWS-Unencoded-URL="/api/zipdeploy?isAsync=true" X-Client-IP="174.26.129.107" X-Client-Port="51017" >
  <step title="Cleanup Xml Logs" date="2025-10-07T15:15:43.641" /><!-- duration: 23ms -->
  <step title="ZipPushDeploy" date="2025-10-07T15:15:44.565" >
    <step title="ZipDeploy. Extract zip. Remote build." date="2025-10-07T15:15:44.614" /><!-- duration: 5ms -->
    <step title="None repository commit" date="2025-10-07T15:15:44.657" >
      <step title="Commit id: 0774190c-a9af-46df-9a4b-8ebf75be3991" date="2025-10-07T15:15:44.662" Message="N/A" AuthorName="N/A" AuthorEmail="N/A" /><!-- duration: 4ms -->
    </step><!-- duration: 13ms -->
    <step title="Starting PushDeployAsync" date="2025-10-07T15:15:44.677" /><!-- duration: 12ms -->
    <step title="Writing artifact to /tmp/zipdeploy/c63525aa-05dd-47ed-bde9-0bac020d01ae.zip" date="2025-10-07T15:15:44.828" >
      <step title="Writing multipart request body to /tmp/zipdeploy/c63525aa-05dd-47ed-bde9-0bac020d01ae.zip" date="2025-10-07T15:15:44.851" /><!-- duration: 6ms -->
    </step><!-- duration: 354ms -->
    <step title="Removing previous build artifact&apos;s manifest file" date="2025-10-07T15:15:45.189" >
      <step title="Start deployment in the background" date="2025-10-07T15:15:45.245" >
        <step title="Acquiring Deployment Lock" date="2025-10-07T15:15:45.332" /><!-- duration: 3ms -->
        <step title="Acquired Deployment Lock" date="2025-10-07T15:15:45.636" /><!-- duration: 7ms -->
      </step><!-- duration: 586ms -->
    </step><!-- duration: 717ms -->
    <step title="Outgoing response" date="2025-10-07T15:15:45.943" type="response" statusCode="202" statusText="Accepted" /><!-- duration: 5ms -->
  </step><!-- duration: 1390ms -->
