<step title="BackgroundTrace" date="2025-10-07T15:47:19.855" instance="4674be" url="/api/zipdeploy" method="POST" >
  <step title="Cleanup Xml Logs" date="2025-10-07T15:47:19.878" /><!-- duration: 17ms -->
  <step title="Creating temporary deployment - FetchDeploymentManager" date="2025-10-07T15:47:20.298" /><!-- duration: 8ms -->
  <step title="Creating temporary deployment" date="2025-10-07T15:47:20.338" /><!-- duration: 391ms -->
  <step title="Performing fetch based deployment" date="2025-10-07T15:47:21.126" >
    <step title="Cleaning up temp folders from previous zip deployments and extracting pushed zip file /tmp/zipdeploy/2640ce68-e806-45b2-9424-43f3bb252052.zip (0.21 MB) to /tmp/zipdeploy/extracted" date="2025-10-07T15:47:22.725" >
      <step title="ChmodRecursive Process exited with total time taken in ms: 513" date="2025-10-07T15:47:23.763" /><!-- duration: 31ms -->
    </step><!-- duration: 1095ms -->
    <step title="Deployment timer started" date="2025-10-07T15:47:25.900" >
      <step title="DeploymentManager.Deploy(id:6ef9c619-cef7-4acf-807e-1262f76b9cc6)" date="2025-10-07T15:47:25.925" >
        <step title="Collecting changeset information" date="2025-10-07T15:47:26.003" /><!-- duration: 764ms -->
        <step title="Updating submodules" date="2025-10-07T15:47:26.816" /><!-- duration: 1281ms -->
        <step title="Determining deployment builder" date="2025-10-07T15:47:28.753" >
          <step title="Builder is OryxBuilder" date="2025-10-07T15:47:28.813" /><!-- duration: 16ms -->
        </step><!-- duration: 94ms -->
        <step title="PreDeployment: context.CleanOutputPath False" date="2025-10-07T15:47:28.968" >
          <step title="PreDeployment: context.OutputPath /home/site/wwwroot" date="2025-10-07T15:47:29.251" >
            <step title="Building" date="2025-10-07T15:47:29.533" >
              <step title="Executing external process" date="2025-10-07T15:47:30.358" type="process" path="bash" arguments="-c &quot;oryx build /tmp/zipdeploy/extracted -o /home/site/wwwroot --platform nodejs --platform-version 20 -p virtualenv_name= --log-file /tmp/build-debug.log  -i /tmp/8de05b8d200c2fa -p compress_node_modules=tar-gz | tee /tmp/oryx-build.log ; exit $PIPESTATUS &quot;" /><!-- duration: 77666ms -->
              <step title="Using GenericDeploymentLogParser" date="2025-10-07T15:48:48.602" /><!-- duration: 4ms -->
              <step title="Triggering recycle (preview mode disabled)." date="2025-10-07T15:48:49.949" /><!-- duration: 13ms -->
              <step title="Modified file to trigger a restart of the app container." date="2025-10-07T15:48:49.996" /><!-- duration: 4ms -->
              <step title="Skip function trigger and logicapp sync because function is not enabled." date="2025-10-07T15:48:50.039" /><!-- duration: 31ms -->
              <step title="Purge deployment items" date="2025-10-07T15:48:51.478" >
                <step title="Remove ff992ac2-, Success, received at 10/06/2025 18:50:29" date="2025-10-07T15:48:51.551" /><!-- duration: 4ms -->
              </step><!-- duration: 82ms -->
            </step><!-- duration: 82109ms -->
          </step><!-- duration: 82395ms -->
          <step title="Cleaning up temp files" date="2025-10-07T15:48:51.650" /><!-- duration: 2096ms -->
          <step title="Cleaning up temp files" date="2025-10-07T15:48:53.758" /><!-- duration: 529ms -->
          <step title="Reloading status file with latest updates" date="2025-10-07T15:48:54.318" >
            <step title="WebHooksManager.PublishEventAsync: PostDeployment" date="2025-10-07T15:48:54.324" /><!-- duration: 89ms -->
          </step><!-- duration: 99ms -->
          <step title="Cleaning up temporary deployment - fetch deployment was successful" date="2025-10-07T15:48:54.424" /><!-- duration: 3ms -->
        </step><!-- duration: 85516ms -->
      </step><!-- duration: 88578ms -->
