<step title="Incoming Request" date="2025-10-07T15:47:11.718" instance="4674be" url="/api/zipdeploy?isAsync=true" method="POST" type="request" pid="824,1,40" Accept="*/*" Host="homework-helper-api.scm.azurewebsites.net" User-Agent="AZURECLI/2.67.0 (HOMEBREW)" Accept-Encoding="gzip, deflate" Authorization="Bas..." Cache-Control="no-cache" Content-Type="application/octet-stream" Content-Length="221224" x-ms-client-request-id="e0c19fb6-a394-11f0-b821-9ebfc73c1928" x-ms-artifact-checksum="d5785688e42474fa2a741a866a080550103d548ea6fd126e5fbc2752f6ba94c9" X-ARR-LOG-ID="e0c19fb6-a394-11f0-b821-9ebfc73c1928" CLIENT-IP="174.26.129.107:52484" X-SITE-DEPLOYMENT-ID="homework-helper-api" WAS-DEFAULT-HOSTNAME="homework-helper-api.scm.azurewebsites.net" X-Forwarded-Proto="https" X-AppService-Proto="https" X-Forwarded-TlsVersion="1.3" X-WAWS-Unencoded-URL="/api/zipdeploy?isAsync=true" X-Client-IP="174.26.129.107" X-Client-Port="52484" >
  <step title="Cleanup Xml Logs" date="2025-10-07T15:47:11.759" /><!-- duration: 47ms -->
  <step title="ZipPushDeploy" date="2025-10-07T15:47:18.433" >
    <step title="ZipDeploy. Extract zip. Remote build." date="2025-10-07T15:47:18.485" /><!-- duration: 14ms -->
    <step title="None repository commit" date="2025-10-07T15:47:18.561" >
      <step title="Commit id: 6ef9c619-cef7-4acf-807e-1262f76b9cc6" date="2025-10-07T15:47:18.578" Message="N/A" AuthorName="N/A" AuthorEmail="N/A" /><!-- duration: 8ms -->
    </step><!-- duration: 35ms -->
    <step title="Starting PushDeployAsync" date="2025-10-07T15:47:18.621" /><!-- duration: 21ms -->
    <step title="Writing artifact to /tmp/zipdeploy/2640ce68-e806-45b2-9424-43f3bb252052.zip" date="2025-10-07T15:47:18.943" >
      <step title="Writing multipart request body to /tmp/zipdeploy/2640ce68-e806-45b2-9424-43f3bb252052.zip" date="2025-10-07T15:47:18.975" /><!-- duration: 14ms -->
    </step><!-- duration: 740ms -->
    <step title="Removing previous build artifact&apos;s manifest file" date="2025-10-07T15:47:19.720" >
      <step title="Start deployment in the background" date="2025-10-07T15:47:19.838" >
        <step title="Acquiring Deployment Lock" date="2025-10-07T15:47:19.958" /><!-- duration: 43ms -->
        <step title="Acquired Deployment Lock" date="2025-10-07T15:47:20.268" /><!-- duration: 14ms -->
      </step><!-- duration: 927ms -->
    </step><!-- duration: 1108ms -->
    <step title="Outgoing response" date="2025-10-07T15:47:20.908" type="response" statusCode="202" statusText="Accepted" /><!-- duration: 8ms -->
  </step><!-- duration: 2493ms -->
