<step title="Incoming Request" date="2025-10-06T22:51:44.214" instance="4674be" url="/api/publish?type=zip&amp;async=False" method="POST" type="request" pid="827,1,41" Accept="*/*" Host="homework-helper-api.scm.azurewebsites.net" User-Agent="AZURECLI/2.67.0 (HOMEBREW)" Accept-Encoding="gzip, deflate" Authorization="Bas..." Cache-Control="no-cache" Content-Type="application/octet-stream" Content-Length="94274" x-ms-client-request-id="03ff0024-a307-11f0-abd1-9ebfc73c1928" x-ms-artifact-checksum="2272135395308b2c6647d361f32f91c9e935db973f642cb25ae9e7c65465a709" X-ARR-LOG-ID="03ff0024-a307-11f0-abd1-9ebfc73c1928" CLIENT-IP="174.26.129.107:50044" X-SITE-DEPLOYMENT-ID="homework-helper-api" WAS-DEFAULT-HOSTNAME="homework-helper-api.scm.azurewebsites.net" X-Forwarded-Proto="https" X-AppService-Proto="https" X-Forwarded-TlsVersion="1.3" X-WAWS-Unencoded-URL="/api/publish?type=zip&amp;async=False" X-Client-IP="174.26.129.107" X-Client-Port="50044" >
  <step title="Cleanup Xml Logs" date="2025-10-06T22:51:44.250" /><!-- duration: 11ms -->
  <step title="OneDeploy" date="2025-10-06T22:51:44.680" >
    <step title="Starting PushDeployAsync" date="2025-10-06T22:51:44.708" /><!-- duration: 5ms -->
    <step title="Writing artifact to /tmp/zipdeploy/e0dd52f7-5db2-419b-9c5f-d1d0cd9d432b.zip" date="2025-10-06T22:51:44.744" >
      <step title="Writing multipart request body to /tmp/zipdeploy/e0dd52f7-5db2-419b-9c5f-d1d0cd9d432b.zip" date="2025-10-06T22:51:44.753" /><!-- duration: 15ms -->
    </step><!-- duration: 297ms -->
    <step title="Removing previous build artifact&apos;s manifest file" date="2025-10-06T22:51:45.047" >
      <step title="Attempting to fetch target branch HEAD" date="2025-10-06T22:51:45.077" /><!-- duration: 7ms -->
      <step title="Acquiring Deployment Lock" date="2025-10-06T22:51:45.111" /><!-- duration: 5ms -->
      <step title="Acquired Deployment Lock" date="2025-10-06T22:51:45.170" /><!-- duration: 4ms -->
      <step title="Performing fetch based deployment" date="2025-10-06T22:51:45.182" >
        <step title="Creating temporary deployment" date="2025-10-06T22:51:45.246" /><!-- duration: 126ms -->
        <step title="Releasing Deployment Lock" date="2025-10-06T22:51:46.637" /><!-- duration: 7ms -->
        <step title="Cleaning up temp folders from previous zip deployments and extracting pushed zip file /tmp/zipdeploy/e0dd52f7-5db2-419b-9c5f-d1d0cd9d432b.zip (0.09 MB) to /tmp/zipdeploy/extracted" date="2025-10-06T22:51:46.693" >
          <step title="ChmodRecursive Process exited with total time taken in ms: 128" date="2025-10-06T22:51:46.921" /><!-- duration: 4ms -->
        </step><!-- duration: 238ms -->
        <step title="None repository commit" date="2025-10-06T22:51:46.947" >
          <step title="Commit id: 9efbb64f-27e5-45ff-a31e-4d4007b8c0af" date="2025-10-06T22:51:46.950" Message="OneDeploy" AuthorName="N/A" AuthorEmail="N/A" /><!-- duration: 4ms -->
        </step><!-- duration: 11ms -->
        <step title="Deployment timer started" date="2025-10-06T22:51:48.972" >
          <step title="DeploymentManager.Deploy(id:9efbb64f-27e5-45ff-a31e-4d4007b8c0af)" date="2025-10-06T22:51:48.976" >
            <step title="Collecting changeset information" date="2025-10-06T22:51:49.022" /><!-- duration: 151ms -->
            <step title="Updating submodules" date="2025-10-06T22:51:49.180" /><!-- duration: 1160ms -->
            <step title="Determining deployment builder" date="2025-10-06T22:51:50.589" >
              <step title="Builder is OryxBuilder" date="2025-10-06T22:51:50.606" /><!-- duration: 8ms -->
            </step><!-- duration: 29ms -->
            <step title="PreDeployment: context.CleanOutputPath False" date="2025-10-06T22:51:50.681" >
              <step title="PreDeployment: context.OutputPath /home/site/wwwroot" date="2025-10-06T22:51:50.910" >
                <step title="Building" date="2025-10-06T22:51:51.060" >
                  <step title="Executing external process" date="2025-10-06T22:51:51.434" type="process" path="bash" arguments="-c &quot;oryx build /tmp/zipdeploy/extracted -o /home/site/wwwroot --platform nodejs --platform-version 20 -p virtualenv_name= --log-file /tmp/build-debug.log  -i /tmp/8de052aeffd8bb9 -p compress_node_modules=tar-gz | tee /tmp/oryx-build.log ; exit $PIPESTATUS &quot;" /><!-- duration: 84453ms -->
                  <step title="Using GenericDeploymentLogParser" date="2025-10-06T22:53:16.894" /><!-- duration: 16ms -->
                  <step title="Modified file to trigger a restart of the app container." date="2025-10-06T22:53:19.608" /><!-- duration: 17ms -->
                  <step title="Skip function trigger and logicapp sync because function is not enabled." date="2025-10-06T22:53:19.663" /><!-- duration: 23ms -->
                </step><!-- duration: 90241ms -->
              </step><!-- duration: 90395ms -->
              <step title="Cleaning up temp files" date="2025-10-06T22:53:21.309" /><!-- duration: 1565ms -->
              <step title="Cleaning up temp files" date="2025-10-06T22:53:22.878" /><!-- duration: 516ms -->
              <step title="Reloading status file with latest updates" date="2025-10-06T22:53:23.424" >
                <step title="WebHooksManager.PublishEventAsync: PostDeployment" date="2025-10-06T22:53:23.428" /><!-- duration: 48ms -->
              </step><!-- duration: 55ms -->
              <step title="Cleaning up temporary deployment - fetch deployment was successful" date="2025-10-06T22:53:23.484" /><!-- duration: 3ms -->
            </step><!-- duration: 92858ms -->
          </step><!-- duration: 94568ms -->
          <step title="Outgoing response" date="2025-10-06T22:53:23.556" type="response" statusCode="200" statusText="OK" /><!-- duration: 4ms -->
        </step><!-- duration: 94592ms -->
