<step title="BackgroundTrace" date="2025-10-07T16:02:49.518" instance="4674be" url="/api/zipdeploy" method="POST" >
  <step title="Creating temporary deployment - FetchDeploymentManager" date="2025-10-07T16:02:49.678" /><!-- duration: 3ms -->
  <step title="Creating temporary deployment" date="2025-10-07T16:02:49.691" /><!-- duration: 265ms -->
  <step title="Performing fetch based deployment" date="2025-10-07T16:02:50.038" >
    <step title="Cleaning up temp folders from previous zip deployments and extracting pushed zip file /tmp/zipdeploy/36072f60-2637-47c6-9b19-2be06dd4e3a1.zip (0.42 MB) to /tmp/zipdeploy/extracted" date="2025-10-07T16:02:51.285" >
      <step title="ChmodRecursive Process exited with total time taken in ms: 109" date="2025-10-07T16:02:51.537" /><!-- duration: 5ms -->
    </step><!-- duration: 270ms -->
    <step title="Deployment timer started" date="2025-10-07T16:02:53.589" >
      <step title="DeploymentManager.Deploy(id:14ab55ff-1b36-4889-978d-f209330ddc2e)" date="2025-10-07T16:02:53.613" >
        <step title="Collecting changeset information" date="2025-10-07T16:02:53.712" /><!-- duration: 175ms -->
        <step title="Updating submodules" date="2025-10-07T16:02:53.898" /><!-- duration: 1221ms -->
        <step title="Determining deployment builder" date="2025-10-07T16:02:55.478" >
          <step title="Builder is OryxBuilder" date="2025-10-07T16:02:55.503" /><!-- duration: 6ms -->
        </step><!-- duration: 56ms -->
        <step title="PreDeployment: context.CleanOutputPath False" date="2025-10-07T16:02:55.649" >
          <step title="PreDeployment: context.OutputPath /home/site/wwwroot" date="2025-10-07T16:02:55.811" >
            <step title="Building" date="2025-10-07T16:02:56.040" >
              <step title="Executing external process" date="2025-10-07T16:02:56.876" type="process" path="bash" arguments="-c &quot;oryx build /tmp/zipdeploy/extracted -o /home/site/wwwroot --platform nodejs --platform-version 20 -p virtualenv_name= --log-file /tmp/build-debug.log  -i /tmp/8de05bafa5c0941 -p compress_node_modules=tar-gz | tee /tmp/oryx-build.log ; exit $PIPESTATUS &quot;" /><!-- duration: 54735ms -->
              <step title="Using GenericDeploymentLogParser" date="2025-10-07T16:03:52.211" /><!-- duration: 4ms -->
              <step title="Triggering recycle (preview mode disabled)." date="2025-10-07T16:03:53.660" /><!-- duration: 6ms -->
              <step title="Modified file to trigger a restart of the app container." date="2025-10-07T16:03:53.702" /><!-- duration: 5ms -->
              <step title="Skip function trigger and logicapp sync because function is not enabled." date="2025-10-07T16:03:53.721" /><!-- duration: 4ms -->
              <step title="Purge deployment items" date="2025-10-07T16:03:57.242" >
                <step title="Remove 187b8604-, Success, received at 10/06/2025 18:52:58" date="2025-10-07T16:03:57.357" /><!-- duration: 4ms -->
              </step><!-- duration: 132ms -->
            </step><!-- duration: 61424ms -->
          </step><!-- duration: 61663ms -->
          <step title="Cleaning up temp files" date="2025-10-07T16:03:57.479" /><!-- duration: 2773ms -->
          <step title="Cleaning up temp files" date="2025-10-07T16:04:00.269" /><!-- duration: 521ms -->
          <step title="Reloading status file with latest updates" date="2025-10-07T16:04:00.890" >
            <step title="WebHooksManager.PublishEventAsync: PostDeployment" date="2025-10-07T16:04:00.926" /><!-- duration: 131ms -->
          </step><!-- duration: 181ms -->
          <step title="Cleaning up temporary deployment - fetch deployment was successful" date="2025-10-07T16:04:01.254" /><!-- duration: 5ms -->
        </step><!-- duration: 65671ms -->
      </step><!-- duration: 67825ms -->
