<step title="Incoming Request" date="2025-10-06T18:52:53.975" instance="4674be" url="/api/publish?type=zip&amp;async=False" method="POST" type="request" pid="823,1,7" Accept="*/*" Host="homework-helper-api.scm.azurewebsites.net" User-Agent="AZURECLI/2.67.0 (HOMEBREW)" Accept-Encoding="gzip, deflate" Authorization="Bas..." Cache-Control="no-cache" Content-Type="application/octet-stream" Content-Length="55385" x-ms-client-request-id="a830ad22-a2e5-11f0-b1ee-9ebfc73c1928" x-ms-artifact-checksum="898b047e343deca835cc7d69393c2c775465a7d8d735ee9b665bb5a04444ebde" X-ARR-LOG-ID="a830ad22-a2e5-11f0-b1ee-9ebfc73c1928" CLIENT-IP="174.26.129.107:58498" X-SITE-DEPLOYMENT-ID="homework-helper-api" WAS-DEFAULT-HOSTNAME="homework-helper-api.scm.azurewebsites.net" X-Forwarded-Proto="https" X-AppService-Proto="https" X-Forwarded-TlsVersion="1.3" X-WAWS-Unencoded-URL="/api/publish?type=zip&amp;async=False" X-Client-IP="174.26.129.107" X-Client-Port="58498" >
  <step title="Cleanup Xml Logs" date="2025-10-06T18:52:53.981" /><!-- duration: 6ms -->
  <step title="OneDeploy" date="2025-10-06T18:52:54.699" >
    <step title="None repository commit" date="2025-10-06T18:52:54.712" >
      <step title="Commit id: 187b8604-138f-492b-9eb3-54ff87a955b0" date="2025-10-06T18:52:54.717" Message="N/A" AuthorName="N/A" AuthorEmail="N/A" /><!-- duration: 3ms -->
    </step><!-- duration: 11ms -->
    <step title="Starting PushDeployAsync" date="2025-10-06T18:52:54.727" /><!-- duration: 3ms -->
    <step title="Writing artifact to /tmp/zipdeploy/18c27aad-f073-41c8-8035-dfd9640f6d75.zip" date="2025-10-06T18:52:54.748" >
      <step title="Writing multipart request body to /tmp/zipdeploy/18c27aad-f073-41c8-8035-dfd9640f6d75.zip" date="2025-10-06T18:52:54.767" /><!-- duration: 10ms -->
    </step><!-- duration: 100ms -->
    <step title="Attempting to fetch target branch HEAD" date="2025-10-06T18:52:54.885" /><!-- duration: 3ms -->
    <step title="Acquiring Deployment Lock" date="2025-10-06T18:52:54.893" /><!-- duration: 11ms -->
    <step title="Acquired Deployment Lock" date="2025-10-06T18:52:54.959" /><!-- duration: 3ms -->
    <step title="Performing fetch based deployment" date="2025-10-06T18:52:54.983" >
      <step title="Creating temporary deployment" date="2025-10-06T18:52:54.995" /><!-- duration: 224ms -->
      <step title="Releasing Deployment Lock" date="2025-10-06T18:52:56.376" /><!-- duration: 5ms -->
      <step title="Cleaning up temp folders from previous zip deployments and extracting pushed zip file /tmp/zipdeploy/18c27aad-f073-41c8-8035-dfd9640f6d75.zip (0.05 MB) to /tmp/zipdeploy/extracted" date="2025-10-06T18:52:56.434" >
        <step title="ChmodRecursive Process exited with total time taken in ms: 97" date="2025-10-06T18:52:56.580" /><!-- duration: 8ms -->
      </step><!-- duration: 161ms -->
      <step title="None repository commit" date="2025-10-06T18:52:56.606" >
        <step title="Commit id: 187b8604-138f-492b-9eb3-54ff87a955b0" date="2025-10-06T18:52:56.610" Message="OneDeploy" AuthorName="N/A" AuthorEmail="N/A" /><!-- duration: 3ms -->
      </step><!-- duration: 10ms -->
      <step title="Deployment timer started" date="2025-10-06T18:52:58.622" >
        <step title="DeploymentManager.Deploy(id:187b8604-138f-492b-9eb3-54ff87a955b0)" date="2025-10-06T18:52:58.630" >
          <step title="Collecting changeset information" date="2025-10-06T18:52:58.648" /><!-- duration: 88ms -->
          <step title="Updating submodules" date="2025-10-06T18:52:58.742" /><!-- duration: 1128ms -->
          <step title="Determining deployment builder" date="2025-10-06T18:53:00.117" >
            <step title="Builder is OryxBuilder" date="2025-10-06T18:53:00.137" /><!-- duration: 3ms -->
          </step><!-- duration: 27ms -->
          <step title="PreDeployment: context.CleanOutputPath False" date="2025-10-06T18:53:00.201" >
            <step title="PreDeployment: context.OutputPath /home/site/wwwroot" date="2025-10-06T18:53:00.328" >
              <step title="Building" date="2025-10-06T18:53:00.462" >
                <step title="Executing external process" date="2025-10-06T18:53:00.839" type="process" path="bash" arguments="-c &quot;oryx build /tmp/zipdeploy/extracted -o /home/site/wwwroot --platform nodejs --platform-version 20 -p virtualenv_name= --log-file /tmp/build-debug.log  -i /tmp/8de0509925c1d1c -p compress_node_modules=tar-gz | tee /tmp/oryx-build.log ; exit $PIPESTATUS &quot;" >
                  <step title="Cpu: npm install(988,23.390s)+build.sh(882,0.080s)+oryx(861,4.730s)+tee(862,0.000s)+bash(860,0.000s)=total(28.200s)" date="2025-10-06T18:54:24.349" /><!-- duration: 19ms -->
                  <step title="bash: no io activity for 60s, prev-cpu=-1.000s, current-cpu=28.200s" date="2025-10-06T18:54:24.382" /><!-- duration: 5ms -->
                </step><!-- duration: 142500ms -->
                <step title="Using GenericDeploymentLogParser" date="2025-10-06T18:55:23.774" /><!-- duration: 3ms -->
                <step title="Modified file to trigger a restart of the app container." date="2025-10-06T18:55:25.065" /><!-- duration: 5ms -->
                <step title="Skip function trigger and logicapp sync because function is not enabled." date="2025-10-06T18:55:25.081" /><!-- duration: 10ms -->
              </step><!-- duration: 145476ms -->
            </step><!-- duration: 145617ms -->
            <step title="Cleaning up temp files" date="2025-10-06T18:55:25.948" /><!-- duration: 1602ms -->
            <step title="Cleaning up temp files" date="2025-10-06T18:55:27.568" /><!-- duration: 512ms -->
            <step title="Reloading status file with latest updates" date="2025-10-06T18:55:28.107" >
              <step title="WebHooksManager.PublishEventAsync: PostDeployment" date="2025-10-06T18:55:28.113" /><!-- duration: 106ms -->
            </step><!-- duration: 115ms -->
            <step title="Cleaning up temporary deployment - fetch deployment was successful" date="2025-10-06T18:55:28.230" /><!-- duration: 3ms -->
          </step><!-- duration: 148085ms -->
        </step><!-- duration: 149672ms -->
        <step title="Outgoing response" date="2025-10-06T18:55:28.327" type="response" statusCode="200" statusText="OK" /><!-- duration: 3ms -->
      </step><!-- duration: 149712ms -->
