<step title="Incoming Request" date="2025-10-07T16:02:48.737" instance="4674be" url="/api/zipdeploy?isAsync=true" method="POST" type="request" pid="824,1,33" Accept="*/*" Host="homework-helper-api.scm.azurewebsites.net" User-Agent="AZURECLI/2.67.0 (HOMEBREW)" Accept-Encoding="gzip, deflate" Authorization="Bas..." Cache-Control="no-cache" Content-Type="application/octet-stream" Content-Length="443219" x-ms-client-request-id="0ecca5ca-a397-11f0-9567-9ebfc73c1928" x-ms-artifact-checksum="91d24f8a110caa16da1b3c375fd661d0983b5a8e7f0720f2631c1f075f674b3d" X-ARR-LOG-ID="0ecca5ca-a397-11f0-9567-9ebfc73c1928" CLIENT-IP="174.26.129.107:52814" X-SITE-DEPLOYMENT-ID="homework-helper-api" WAS-DEFAULT-HOSTNAME="homework-helper-api.scm.azurewebsites.net" X-Forwarded-Proto="https" X-AppService-Proto="https" X-Forwarded-TlsVersion="1.3" X-WAWS-Unencoded-URL="/api/zipdeploy?isAsync=true" X-Client-IP="174.26.129.107" X-Client-Port="52814" >
  <step title="Cleanup Xml Logs" date="2025-10-07T16:02:48.753" /><!-- duration: 19ms -->
  <step title="ZipPushDeploy" date="2025-10-07T16:02:49.012" >
    <step title="ZipDeploy. Extract zip. Remote build." date="2025-10-07T16:02:49.028" /><!-- duration: 3ms -->
    <step title="Starting PushDeployAsync" date="2025-10-07T16:02:49.042" /><!-- duration: 4ms -->
    <step title="Writing artifact to /tmp/zipdeploy/36072f60-2637-47c6-9b19-2be06dd4e3a1.zip" date="2025-10-07T16:02:49.097" >
      <step title="Writing multipart request body to /tmp/zipdeploy/36072f60-2637-47c6-9b19-2be06dd4e3a1.zip" date="2025-10-07T16:02:49.121" /><!-- duration: 8ms -->
    </step><!-- duration: 358ms -->
    <step title="Removing previous build artifact&apos;s manifest file" date="2025-10-07T16:02:49.466" >
      <step title="Start deployment in the background" date="2025-10-07T16:02:49.505" >
        <step title="Acquiring Deployment Lock" date="2025-10-07T16:02:49.583" /><!-- duration: 4ms -->
        <step title="Acquired Deployment Lock" date="2025-10-07T16:02:49.669" /><!-- duration: 5ms -->
      </step><!-- duration: 460ms -->
    </step><!-- duration: 528ms -->
    <step title="Outgoing response" date="2025-10-07T16:02:50.015" type="response" statusCode="202" statusText="Accepted" /><!-- duration: 4ms -->
  </step><!-- duration: 1011ms -->
