<step title="Incoming Request" date="2025-10-06T22:37:15.399" instance="4674be" url="/api/publish?type=zip&amp;async=False" method="POST" type="request" pid="827,1,39" Accept="*/*" Host="homework-helper-api.scm.azurewebsites.net" User-Agent="AZURECLI/2.67.0 (HOMEBREW)" Accept-Encoding="gzip, deflate" Authorization="Bas..." Cache-Control="no-cache" Content-Type="application/octet-stream" Content-Length="94209" x-ms-client-request-id="fb3731ca-a304-11f0-9f04-9ebfc73c1928" x-ms-artifact-checksum="922ce900798c2e9712e4dc138e53a3af5c1a389fdba306b6b995325cf2194f89" X-ARR-LOG-ID="fb3731ca-a304-11f0-9f04-9ebfc73c1928" CLIENT-IP="174.26.129.107:49654" X-SITE-DEPLOYMENT-ID="homework-helper-api" WAS-DEFAULT-HOSTNAME="homework-helper-api.scm.azurewebsites.net" X-Forwarded-Proto="https" X-AppService-Proto="https" X-Forwarded-TlsVersion="1.3" X-WAWS-Unencoded-URL="/api/publish?type=zip&amp;async=False" X-Client-IP="174.26.129.107" X-Client-Port="49654" >
  <step title="Cleanup Xml Logs" date="2025-10-06T22:37:15.664" /><!-- duration: 93ms -->
  <step title="OneDeploy" date="2025-10-06T22:37:17.331" >
    <step title="Starting PushDeployAsync" date="2025-10-06T22:37:17.469" /><!-- duration: 9ms -->
    <step title="Writing artifact to /tmp/zipdeploy/e67c2ac6-e6af-4b36-9ee0-0c2314ecf479.zip" date="2025-10-06T22:37:17.704" >
      <step title="Writing multipart request body to /tmp/zipdeploy/e67c2ac6-e6af-4b36-9ee0-0c2314ecf479.zip" date="2025-10-06T22:37:17.719" /><!-- duration: 10ms -->
    </step><!-- duration: 601ms -->
    <step title="Removing previous build artifact&apos;s manifest file" date="2025-10-06T22:37:18.337" >
      <step title="Attempting to fetch target branch HEAD" date="2025-10-06T22:37:18.509" /><!-- duration: 64ms -->
      <step title="Acquiring Deployment Lock" date="2025-10-06T22:37:18.675" /><!-- duration: 33ms -->
      <step title="Acquired Deployment Lock" date="2025-10-06T22:37:19.020" /><!-- duration: 14ms -->
      <step title="Performing fetch based deployment" date="2025-10-06T22:37:19.097" >
        <step title="Creating temporary deployment" date="2025-10-06T22:37:19.174" /><!-- duration: 865ms -->
        <step title="Releasing Deployment Lock" date="2025-10-06T22:37:21.970" /><!-- duration: 27ms -->
        <step title="Cleaning up temp folders from previous zip deployments and extracting pushed zip file /tmp/zipdeploy/e67c2ac6-e6af-4b36-9ee0-0c2314ecf479.zip (0.09 MB) to /tmp/zipdeploy/extracted" date="2025-10-06T22:37:22.197" >
          <step title="ChmodRecursive Process exited with total time taken in ms: 191" date="2025-10-06T22:37:22.766" /><!-- duration: 25ms -->
        </step><!-- duration: 616ms -->
        <step title="None repository commit" date="2025-10-06T22:37:22.883" >
          <step title="Commit id: 1a64a7eb-00d4-47d7-b712-210ed4a62f1e" date="2025-10-06T22:37:22.901" Message="OneDeploy" AuthorName="N/A" AuthorEmail="N/A" /><!-- duration: 10ms -->
        </step><!-- duration: 53ms -->
        <step title="Deployment timer started" date="2025-10-06T22:37:25.025" >
          <step title="DeploymentManager.Deploy(id:1a64a7eb-00d4-47d7-b712-210ed4a62f1e)" date="2025-10-06T22:37:25.046" >
            <step title="Collecting changeset information" date="2025-10-06T22:37:25.116" /><!-- duration: 351ms -->
            <step title="Updating submodules" date="2025-10-06T22:37:25.495" /><!-- duration: 1358ms -->
            <step title="Determining deployment builder" date="2025-10-06T22:37:27.662" >
              <step title="Builder is OryxBuilder" date="2025-10-06T22:37:27.726" /><!-- duration: 12ms -->
            </step><!-- duration: 118ms -->
            <step title="PreDeployment: context.CleanOutputPath False" date="2025-10-06T22:37:27.905" >
              <step title="PreDeployment: context.OutputPath /home/site/wwwroot" date="2025-10-06T22:37:28.243" >
                <step title="Building" date="2025-10-06T22:37:28.623" >
                  <step title="Executing external process" date="2025-10-06T22:37:29.687" type="process" path="bash" arguments="-c &quot;oryx build /tmp/zipdeploy/extracted -o /home/site/wwwroot --platform nodejs --platform-version 20 -p virtualenv_name= --log-file /tmp/build-debug.log  -i /tmp/8de0528edb21a22 -p compress_node_modules=tar-gz | tee /tmp/oryx-build.log ; exit $PIPESTATUS &quot;" /><!-- duration: 57093ms -->
                  <step title="Using GenericDeploymentLogParser" date="2025-10-06T22:38:27.409" /><!-- duration: 6ms -->
                  <step title="Modified file to trigger a restart of the app container." date="2025-10-06T22:38:29.292" /><!-- duration: 4ms -->
                  <step title="Skip function trigger and logicapp sync because function is not enabled." date="2025-10-06T22:38:29.314" /><!-- duration: 5ms -->
                </step><!-- duration: 62078ms -->
              </step><!-- duration: 62466ms -->
              <step title="Cleaning up temp files" date="2025-10-06T22:38:30.717" /><!-- duration: 3585ms -->
              <step title="Cleaning up temp files" date="2025-10-06T22:38:34.306" /><!-- duration: 517ms -->
              <step title="Reloading status file with latest updates" date="2025-10-06T22:38:34.905" >
                <step title="WebHooksManager.PublishEventAsync: PostDeployment" date="2025-10-06T22:38:34.915" /><!-- duration: 132ms -->
              </step><!-- duration: 145ms -->
              <step title="Cleaning up temporary deployment - fetch deployment was successful" date="2025-10-06T22:38:35.070" /><!-- duration: 4ms -->
            </step><!-- duration: 67228ms -->
          </step><!-- duration: 70126ms -->
          <step title="Outgoing response" date="2025-10-06T22:38:35.268" type="response" statusCode="200" statusText="OK" /><!-- duration: 6ms -->
        </step><!-- duration: 70253ms -->
