<step title="BackgroundTrace" date="2025-10-06T23:29:50.283" instance="4674be" url="/api/zipdeploy" method="POST" >
  <step title="Creating temporary deployment - FetchDeploymentManager" date="2025-10-06T23:29:50.471" /><!-- duration: 3ms -->
  <step title="Creating temporary deployment" date="2025-10-06T23:29:50.480" /><!-- duration: 118ms -->
  <step title="Performing fetch based deployment" date="2025-10-06T23:29:50.717" >
    <step title="Cleaning up temp folders from previous zip deployments and extracting pushed zip file /tmp/zipdeploy/27034a9e-7771-44c2-ada2-4e3b707c9c3c.zip (0.09 MB) to /tmp/zipdeploy/extracted" date="2025-10-06T23:29:51.900" >
      <step title="ChmodRecursive Process exited with total time taken in ms: 188" date="2025-10-06T23:29:52.216" /><!-- duration: 4ms -->
    </step><!-- duration: 334ms -->
    <step title="Deployment timer started" date="2025-10-06T23:29:54.256" >
      <step title="DeploymentManager.Deploy(id:d0d91dfe-f48b-4e3a-af40-2aa336ded350)" date="2025-10-06T23:29:54.272" >
        <step title="Collecting changeset information" date="2025-10-06T23:29:54.317" /><!-- duration: 126ms -->
        <step title="Updating submodules" date="2025-10-06T23:29:54.452" /><!-- duration: 1188ms -->
        <step title="Determining deployment builder" date="2025-10-06T23:29:56.483" >
          <step title="Builder is OryxBuilder" date="2025-10-06T23:29:56.510" /><!-- duration: 11ms -->
        </step><!-- duration: 67ms -->
        <step title="PreDeployment: context.CleanOutputPath False" date="2025-10-06T23:29:56.622" >
          <step title="PreDeployment: context.OutputPath /home/site/wwwroot" date="2025-10-06T23:29:56.779" >
            <step title="Building" date="2025-10-06T23:29:56.927" >
              <step title="Executing external process" date="2025-10-06T23:29:57.585" type="process" path="bash" arguments="-c &quot;oryx build /tmp/zipdeploy/extracted -o /home/site/wwwroot --platform nodejs --platform-version 20 -p virtualenv_name= --log-file /tmp/build-debug.log  -i /tmp/8de05304282d111 -p compress_node_modules=tar-gz | tee /tmp/oryx-build.log ; exit $PIPESTATUS &quot;" /><!-- duration: 68861ms -->
              <step title="Using GenericDeploymentLogParser" date="2025-10-06T23:31:06.848" /><!-- duration: 10ms -->
              <step title="Triggering recycle (preview mode disabled)." date="2025-10-06T23:31:08.027" /><!-- duration: 7ms -->
              <step title="Modified file to trigger a restart of the app container." date="2025-10-06T23:31:08.067" /><!-- duration: 4ms -->
              <step title="Skip function trigger and logicapp sync because function is not enabled." date="2025-10-06T23:31:08.079" /><!-- duration: 11ms -->
            </step><!-- duration: 72278ms -->
          </step><!-- duration: 72432ms -->
          <step title="Cleaning up temp files" date="2025-10-06T23:31:09.215" /><!-- duration: 1813ms -->
          <step title="Cleaning up temp files" date="2025-10-06T23:31:11.031" /><!-- duration: 514ms -->
          <step title="Reloading status file with latest updates" date="2025-10-06T23:31:11.578" >
            <step title="WebHooksManager.PublishEventAsync: PostDeployment" date="2025-10-06T23:31:11.586" /><!-- duration: 52ms -->
          </step><!-- duration: 64ms -->
          <step title="Cleaning up temporary deployment - fetch deployment was successful" date="2025-10-06T23:31:11.660" /><!-- duration: 8ms -->
        </step><!-- duration: 75125ms -->
      </step><!-- duration: 77493ms -->
