<step title="Incoming Request" date="2025-10-06T23:37:03.354" instance="4674be" url="/api/zipdeploy?isAsync=true" method="POST" type="request" pid="827,1,48" Accept="*/*" Host="homework-helper-api.scm.azurewebsites.net" User-Agent="AZURECLI/2.67.0 (HOMEBREW)" Accept-Encoding="gzip, deflate" Authorization="Bas..." Cache-Control="no-cache" Content-Type="application/octet-stream" Content-Length="99016" x-ms-client-request-id="5a5ac196-a30d-11f0-b190-9ebfc73c1928" x-ms-artifact-checksum="48ee10ad1238f05815f73867580c6a92874f3d8c4fa33c8f49aa16d4b7061e80" X-ARR-LOG-ID="5a5ac196-a30d-11f0-b190-9ebfc73c1928" CLIENT-IP="174.26.129.107:52467" X-SITE-DEPLOYMENT-ID="homework-helper-api" WAS-DEFAULT-HOSTNAME="homework-helper-api.scm.azurewebsites.net" X-Forwarded-Proto="https" X-AppService-Proto="https" X-Forwarded-TlsVersion="1.3" X-WAWS-Unencoded-URL="/api/zipdeploy?isAsync=true" X-Client-IP="174.26.129.107" X-Client-Port="52467" >
  <step title="Cleanup Xml Logs" date="2025-10-06T23:37:03.378" /><!-- duration: 35ms -->
  <step title="ZipPushDeploy" date="2025-10-06T23:37:03.651" >
    <step title="ZipDeploy. Extract zip. Remote build." date="2025-10-06T23:37:03.705" /><!-- duration: 9ms -->
    <step title="Starting PushDeployAsync" date="2025-10-06T23:37:03.759" /><!-- duration: 23ms -->
    <step title="Writing artifact to /tmp/zipdeploy/f5dbb59b-ee5b-431b-8ea1-bdea44fab653.zip" date="2025-10-06T23:37:03.895" >
      <step title="Writing multipart request body to /tmp/zipdeploy/f5dbb59b-ee5b-431b-8ea1-bdea44fab653.zip" date="2025-10-06T23:37:03.919" /><!-- duration: 18ms -->
    </step><!-- duration: 1003ms -->
    <step title="Removing previous build artifact&apos;s manifest file" date="2025-10-06T23:37:04.923" >
      <step title="Start deployment in the background" date="2025-10-06T23:37:05.010" >
        <step title="Acquiring Deployment Lock" date="2025-10-06T23:37:05.117" /><!-- duration: 10ms -->
        <step title="Acquired Deployment Lock" date="2025-10-06T23:37:05.260" /><!-- duration: 24ms -->
      </step><!-- duration: 623ms -->
    </step><!-- duration: 776ms -->
    <step title="Outgoing response" date="2025-10-06T23:37:05.760" type="response" statusCode="202" statusText="Accepted" /><!-- duration: 9ms -->
  </step><!-- duration: 2124ms -->
