<step title="Incoming Request" date="2025-10-06T19:34:15.218" instance="4674be" url="/api/publish?type=zip&amp;async=False" method="POST" type="request" pid="827,1,22" Accept="*/*" Host="homework-helper-api.scm.azurewebsites.net" User-Agent="AZURECLI/2.67.0 (HOMEBREW)" Accept-Encoding="gzip, deflate" Authorization="Bas..." Cache-Control="no-cache" Content-Type="application/octet-stream" Content-Length="55465" x-ms-client-request-id="6efdf3e2-a2eb-11f0-8113-9ebfc73c1928" x-ms-artifact-checksum="8da48fe62852825e3fea72d5820198bdbeed8d713a47739b0a5e250f26cc8e17" X-ARR-LOG-ID="6efdf3e2-a2eb-11f0-8113-9ebfc73c1928" CLIENT-IP="174.26.129.107:59961" X-SITE-DEPLOYMENT-ID="homework-helper-api" WAS-DEFAULT-HOSTNAME="homework-helper-api.scm.azurewebsites.net" X-Forwarded-Proto="https" X-AppService-Proto="https" X-Forwarded-TlsVersion="1.3" X-WAWS-Unencoded-URL="/api/publish?type=zip&amp;async=False" X-Client-IP="174.26.129.107" X-Client-Port="59961" >
  <step title="Cleanup Xml Logs" date="2025-10-06T19:34:15.233" /><!-- duration: 28ms -->
  <step title="OneDeploy" date="2025-10-06T19:34:15.446" >
    <step title="None repository commit" date="2025-10-06T19:34:15.463" >
      <step title="Commit id: fd91e6e4-cfec-4474-a90a-deb0aaf9defd" date="2025-10-06T19:34:15.467" Message="N/A" AuthorName="N/A" AuthorEmail="N/A" /><!-- duration: 5ms -->
    </step><!-- duration: 37ms -->
    <step title="Starting PushDeployAsync" date="2025-10-06T19:34:15.512" /><!-- duration: 9ms -->
    <step title="Writing artifact to /tmp/zipdeploy/85143b99-c9bb-4a29-abfb-7a444583b7d0.zip" date="2025-10-06T19:34:15.638" >
      <step title="Writing multipart request body to /tmp/zipdeploy/85143b99-c9bb-4a29-abfb-7a444583b7d0.zip" date="2025-10-06T19:34:15.659" /><!-- duration: 9ms -->
    </step><!-- duration: 287ms -->
    <step title="Removing previous build artifact&apos;s manifest file" date="2025-10-06T19:34:15.972" >
      <step title="Attempting to fetch target branch HEAD" date="2025-10-06T19:34:16.002" /><!-- duration: 3ms -->
      <step title="Acquiring Deployment Lock" date="2025-10-06T19:34:16.010" /><!-- duration: 5ms -->
      <step title="Acquired Deployment Lock" date="2025-10-06T19:34:16.062" /><!-- duration: 5ms -->
      <step title="Performing fetch based deployment" date="2025-10-06T19:34:16.082" >
        <step title="Creating temporary deployment" date="2025-10-06T19:34:16.090" /><!-- duration: 104ms -->
        <step title="Releasing Deployment Lock" date="2025-10-06T19:34:17.494" /><!-- duration: 8ms -->
        <step title="Cleaning up temp folders from previous zip deployments and extracting pushed zip file /tmp/zipdeploy/85143b99-c9bb-4a29-abfb-7a444583b7d0.zip (0.05 MB) to /tmp/zipdeploy/extracted" date="2025-10-06T19:34:17.593" >
          <step title="ChmodRecursive Process exited with total time taken in ms: 77" date="2025-10-06T19:34:17.732" /><!-- duration: 10ms -->
        </step><!-- duration: 154ms -->
        <step title="None repository commit" date="2025-10-06T19:34:17.760" >
          <step title="Commit id: fd91e6e4-cfec-4474-a90a-deb0aaf9defd" date="2025-10-06T19:34:17.767" Message="OneDeploy" AuthorName="N/A" AuthorEmail="N/A" /><!-- duration: 3ms -->
        </step><!-- duration: 13ms -->
        <step title="Deployment timer started" date="2025-10-06T19:34:19.785" >
          <step title="DeploymentManager.Deploy(id:fd91e6e4-cfec-4474-a90a-deb0aaf9defd)" date="2025-10-06T19:34:19.799" >
            <step title="Collecting changeset information" date="2025-10-06T19:34:19.819" /><!-- duration: 93ms -->
            <step title="Updating submodules" date="2025-10-06T19:34:19.918" /><!-- duration: 1139ms -->
            <step title="Determining deployment builder" date="2025-10-06T19:34:21.315" >
              <step title="Builder is OryxBuilder" date="2025-10-06T19:34:21.329" /><!-- duration: 10ms -->
            </step><!-- duration: 30ms -->
            <step title="PreDeployment: context.CleanOutputPath False" date="2025-10-06T19:34:21.410" >
              <step title="PreDeployment: context.OutputPath /home/site/wwwroot" date="2025-10-06T19:34:21.552" >
                <step title="Building" date="2025-10-06T19:34:21.738" >
                  <step title="Executing external process" date="2025-10-06T19:34:22.162" type="process" path="bash" arguments="-c &quot;oryx build /tmp/zipdeploy/extracted -o /home/site/wwwroot --platform nodejs --platform-version 20 -p virtualenv_name= --log-file /tmp/build-debug.log  -i /tmp/8de050f594547c6 -p compress_node_modules=tar-gz | tee /tmp/oryx-build.log ; exit $PIPESTATUS &quot;" >
                    <step title="Cpu: npm install(1231,22.060s)+build.sh(1125,0.080s)+oryx(1106,5.710s)+tee(1107,0.020s)+bash(1105,0.000s)=total(27.870s)" date="2025-10-06T19:35:48.224" /><!-- duration: 7ms -->
                    <step title="bash: no io activity for 60s, prev-cpu=-1.000s, current-cpu=27.870s" date="2025-10-06T19:35:48.238" /><!-- duration: 21ms -->
                  </step><!-- duration: 133286ms -->
                  <step title="Using GenericDeploymentLogParser" date="2025-10-06T19:36:36.846" /><!-- duration: 9ms -->
                  <step title="Modified file to trigger a restart of the app container." date="2025-10-06T19:36:40.156" /><!-- duration: 10ms -->
                  <step title="Skip function trigger and logicapp sync because function is not enabled." date="2025-10-06T19:36:40.251" /><!-- duration: 11ms -->
                </step><!-- duration: 140068ms -->
              </step><!-- duration: 140282ms -->
              <step title="Cleaning up temp files" date="2025-10-06T19:36:41.848" /><!-- duration: 3864ms -->
              <step title="Cleaning up temp files" date="2025-10-06T19:36:45.726" /><!-- duration: 526ms -->
              <step title="Reloading status file with latest updates" date="2025-10-06T19:36:46.322" >
                <step title="WebHooksManager.PublishEventAsync: PostDeployment" date="2025-10-06T19:36:46.339" /><!-- duration: 154ms -->
              </step><!-- duration: 177ms -->
              <step title="Cleaning up temporary deployment - fetch deployment was successful" date="2025-10-06T19:36:46.511" /><!-- duration: 26ms -->
            </step><!-- duration: 145199ms -->
          </step><!-- duration: 146872ms -->
          <step title="Outgoing response" date="2025-10-06T19:36:46.779" type="response" statusCode="200" statusText="OK" /><!-- duration: 8ms -->
        </step><!-- duration: 147005ms -->
