<step title="BackgroundTrace" date="2025-10-06T23:16:06.854" instance="4674be" url="/api/zipdeploy" method="POST" >
  <step title="Creating temporary deployment - FetchDeploymentManager" date="2025-10-06T23:16:06.960" /><!-- duration: 3ms -->
  <step title="Creating temporary deployment" date="2025-10-06T23:16:06.976" /><!-- duration: 85ms -->
  <step title="Performing fetch based deployment" date="2025-10-06T23:16:07.249" >
    <step title="Cleaning up temp folders from previous zip deployments and extracting pushed zip file /tmp/zipdeploy/2d1d9e7e-0a17-4a70-a48a-89af6b2776b6.zip (0.09 MB) to /tmp/zipdeploy/extracted" date="2025-10-06T23:16:08.461" >
      <step title="ChmodRecursive Process exited with total time taken in ms: 123" date="2025-10-06T23:16:08.768" /><!-- duration: 19ms -->
    </step><!-- duration: 337ms -->
    <step title="Deployment timer started" date="2025-10-06T23:16:10.829" >
      <step title="DeploymentManager.Deploy(id:0745dc8b-8d3c-4e40-97cd-c49ebbaf0be2)" date="2025-10-06T23:16:10.837" >
        <step title="Collecting changeset information" date="2025-10-06T23:16:10.895" /><!-- duration: 101ms -->
        <step title="Updating submodules" date="2025-10-06T23:16:11.004" /><!-- duration: 1236ms -->
        <step title="Determining deployment builder" date="2025-10-06T23:16:13.334" >
          <step title="Builder is OryxBuilder" date="2025-10-06T23:16:13.361" /><!-- duration: 5ms -->
        </step><!-- duration: 36ms -->
        <step title="PreDeployment: context.CleanOutputPath False" date="2025-10-06T23:16:13.439" >
          <step title="PreDeployment: context.OutputPath /home/site/wwwroot" date="2025-10-06T23:16:13.573" >
            <step title="Building" date="2025-10-06T23:16:13.779" >
              <step title="Executing external process" date="2025-10-06T23:16:14.209" type="process" path="bash" arguments="-c &quot;oryx build /tmp/zipdeploy/extracted -o /home/site/wwwroot --platform nodejs --platform-version 20 -p virtualenv_name= --log-file /tmp/build-debug.log  -i /tmp/8de052e57dafc28 -p compress_node_modules=tar-gz | tee /tmp/oryx-build.log ; exit $PIPESTATUS &quot;" /><!-- duration: 63732ms -->
              <step title="Using GenericDeploymentLogParser" date="2025-10-06T23:17:18.956" /><!-- duration: 20ms -->
              <step title="Triggering recycle (preview mode disabled)." date="2025-10-06T23:17:23.123" /><!-- duration: 39ms -->
              <step title="Modified file to trigger a restart of the app container." date="2025-10-06T23:17:23.317" /><!-- duration: 10ms -->
              <step title="Skip function trigger and logicapp sync because function is not enabled." date="2025-10-06T23:17:23.410" /><!-- duration: 26ms -->
            </step><!-- duration: 71841ms -->
          </step><!-- duration: 72098ms -->
          <step title="Cleaning up temp files" date="2025-10-06T23:17:25.681" /><!-- duration: 4575ms -->
          <step title="Cleaning up temp files" date="2025-10-06T23:17:30.274" /><!-- duration: 542ms -->
          <step title="Reloading status file with latest updates" date="2025-10-06T23:17:30.875" >
            <step title="WebHooksManager.PublishEventAsync: PostDeployment" date="2025-10-06T23:17:30.902" /><!-- duration: 221ms -->
          </step><!-- duration: 258ms -->
          <step title="Cleaning up temporary deployment - fetch deployment was successful" date="2025-10-06T23:17:31.148" /><!-- duration: 10ms -->
        </step><!-- duration: 77849ms -->
      </step><!-- duration: 80538ms -->
