﻿<?xml version="1.0" encoding="utf-8"?>
<deployment>
  <id>cd361e4c-7003-48a7-b432-e2ebbfb68da9</id>
  <author>N/A</author>
  <deployer>Push-Deployer</deployer>
  <authorEmail>N/A</authorEmail>
  <message>Created via a push deployment</message>
  <progress></progress>
  <status>Success</status>
  <statusText></statusText>
  <lastSuccessEndTime>2025-10-06T23:38:37.9515449Z</lastSuccessEndTime>
  <receivedTime>2025-10-06T23:37:10.548533Z</receivedTime>
  <startTime>2025-10-06T23:37:12.5702819Z</startTime>
  <endTime>2025-10-06T23:38:37.9515449Z</endTime>
  <complete>True</complete>
  <is_temp>False</is_temp>
  <is_readonly>True</is_readonly>
  <buildSummary />
</deployment>