﻿<?xml version="1.0" encoding="utf-8"?>
<deployment>
  <id>9efbb64f-27e5-45ff-a31e-4d4007b8c0af</id>
  <author>N/A</author>
  <deployer>OneDeploy</deployer>
  <authorEmail>N/A</authorEmail>
  <message>OneDeploy</message>
  <progress></progress>
  <status>Success</status>
  <statusText></statusText>
  <lastSuccessEndTime>2025-10-06T22:53:20.3011593Z</lastSuccessEndTime>
  <receivedTime>2025-10-06T22:51:49.1097905Z</receivedTime>
  <startTime>2025-10-06T22:51:50.5100586Z</startTime>
  <endTime>2025-10-06T22:53:20.3011593Z</endTime>
  <complete>True</complete>
  <is_temp>False</is_temp>
  <is_readonly>True</is_readonly>
  <buildSummary />
</deployment>