﻿<?xml version="1.0" encoding="utf-8"?>
<deployment>
  <id>0ca71ce8-9bdb-4bc1-8618-15b16ce07515</id>
  <author>N/A</author>
  <deployer>OneDeploy</deployer>
  <authorEmail>N/A</authorEmail>
  <message>OneDeploy</message>
  <progress></progress>
  <status>Success</status>
  <statusText></statusText>
  <lastSuccessEndTime>2025-10-06T22:26:31.1127156Z</lastSuccessEndTime>
  <receivedTime>2025-10-06T22:25:32.3263573Z</receivedTime>
  <startTime>2025-10-06T22:25:33.8169167Z</startTime>
  <endTime>2025-10-06T22:26:31.1127156Z</endTime>
  <complete>True</complete>
  <is_temp>False</is_temp>
  <is_readonly>True</is_readonly>
  <buildSummary />
</deployment>