﻿<?xml version="1.0" encoding="utf-8"?>
<deployment>
  <id>0745dc8b-8d3c-4e40-97cd-c49ebbaf0be2</id>
  <author>N/A</author>
  <deployer>Push-Deployer</deployer>
  <authorEmail>N/A</authorEmail>
  <message>Created via a push deployment</message>
  <progress></progress>
  <status>Success</status>
  <statusText></statusText>
  <lastSuccessEndTime>2025-10-06T23:17:24.0975135Z</lastSuccessEndTime>
  <receivedTime>2025-10-06T23:16:10.9363869Z</receivedTime>
  <startTime>2025-10-06T23:16:13.2443633Z</startTime>
  <endTime>2025-10-06T23:17:24.0975135Z</endTime>
  <complete>True</complete>
  <is_temp>False</is_temp>
  <is_readonly>True</is_readonly>
  <buildSummary />
</deployment>